datetimeLoc,latitude,longitude,response_time_sec
2019-11-25T23:53:16.370000,38.9146288,-77.0388319,29671
2019-11-25T23:38:17.397000,38.8933,-77.0227539,37591
2019-11-25T22:12:49.414000,38.9012373,-77.0064799,24724
2019-11-25T22:01:33.279000,38.9052402,-77.0095842,13174
2019-11-25T21:56:08.718000,38.8784204,-77.0231828,1486
2019-11-25T21:53:16.454000,38.8812315,-77.0279688,7444
2019-11-25T21:42:22.277000,38.9254484,-77.0336724,305
2019-11-25T21:34:58.867000,38.9294483,-77.0959567,37006
2019-11-25T21:29:38.959000,38.8810526,-77.0283022,1378
2019-11-25T21:27:09.487000,38.9025754,-77.021578,27957
2019-11-25T21:20:39.713000,38.9268722,-77.0314987,38194
2019-11-25T21:12:15.909000,38.8789033,-77.03909,41232
2019-11-25T21:08:29.873000,38.8786635,-77.0234863,903
2019-11-25T20:42:45.986000,38.8996236,-77.0473928,55909
2019-11-25T20:41:32.488000,38.9211719,-77.0318488,3112
2019-11-25T20:37:28.305000,38.8785299,-77.0378775,42843
2019-11-25T20:35:05.171000,38.8803127,-77.0039596,937
2019-11-25T20:17:59.095000,38.9187843,-77.0415432,618
2019-11-25T20:16:01.897000,38.8989135,-77.0020967,3082
2019-11-25T20:09:58.150000,38.8786567,-77.039505,3726
2019-11-25T20:01:38.731000,38.8785811,-77.0232973,3977
2019-11-25T19:47:15.903000,38.9188205,-77.0413825,1820
2019-11-25T19:43:29.076000,38.8785946,-77.0231982,1079
2019-11-25T19:36:14.794000,38.9127617,-77.02771,5987
2019-11-25T19:33:41.438000,38.9188449,-77.0411233,808
2019-11-25T19:32:58.106000,38.9288475,-77.0227799,8403
2019-11-25T19:15:07.533000,38.9212693,-77.0318498,5176
2019-11-25T18:47:20.597000,38.9141994,-77.0670516,70024
2019-11-25T18:37:52.168000,38.9188349,-77.0413282,3325
2019-11-25T18:15:17.486000,38.9071858,-77.0097003,3201
2019-11-25T18:05:19.405000,38.9217038,-77.0320937,2013
2019-11-25T18:00:24.110000,38.9145256,-77.0217472,4402
2019-11-25T18:00:17.508000,38.91422,-77.0218746,4421
2019-11-25T17:55:52.023000,38.921685,-77.0321533,522
2019-11-25T17:52:53.670000,38.9140531,-77.0669075,3248
2019-11-25T17:45:58.896000,38.8766124,-77.0163414,23206
2019-11-25T17:42:16.616000,38.9002974,-77.0119681,165
2019-11-25T17:40:48.154000,38.876575,-77.0154733,222
2019-11-25T17:40:12.209000,38.9004988,-77.0118021,110
2019-11-25T17:39:27.052000,38.8844942,-77.0474507,54796
2019-11-25T17:34:03.186000,38.943886,-77.0260201,507
2019-11-25T17:33:56.857000,38.9027195,-77.051179,1186
2019-11-25T17:31:44.126000,38.9347639,-76.9956638,932
2019-11-25T17:31:05.477000,38.9073168,-77.0483989,747
2019-11-25T17:25:21.116000,38.9413101,-77.0252605,5134
2019-11-25T17:24:26.877000,38.8946869,-77.021817,3157
2019-11-25T17:13:21.667000,38.922155,-77.0321406,77
2019-11-25T17:08:51.318000,38.8961413,-77.0300035,964
2019-11-25T17:03:48.384000,38.9003081,-76.9888201,167
2019-11-25T16:59:50.102000,38.87698,-77.0176733,822
2019-11-25T16:59:18.077000,38.9221932,-77.0320994,831
2019-11-25T16:55:38.588000,38.916645,-77.0975683,8231
2019-11-25T16:51:54.678000,38.9238382,-77.0253672,1310
2019-11-25T16:50:42.172000,38.9038621,-77.0554872,5807
2019-11-25T16:36:18.005000,38.9289644,-77.0228164,10588
2019-11-25T16:34:51.117000,38.9424737,-77.0259395,335
2019-11-25T16:31:21.305000,38.8984175,-77.0310641,144
2019-11-25T16:21:28.132000,38.94187,-77.02515,2360
2019-11-25T16:15:51.959000,38.8983305,-77.0336157,1136
2019-11-25T16:11:37.658000,38.9238319,-77.0262464,2268
2019-11-25T16:05:11.700000,38.8905683,-77.03042,330
2019-11-25T16:05:11.240000,38.8905651,-77.030405,547
2019-11-25T16:04:31.609000,38.9226559,-77.0369789,6051
2019-11-25T15:59:13.583000,38.9220633,-77.0298517,6450
2019-11-25T15:56:28.606000,38.8785824,-77.0165688,806
2019-11-25T15:35:25.986000,38.8992067,-77.0036783,296
2019-11-25T15:09:10.300000,38.89054,-77.0322117,845
2019-11-25T15:03:47.163000,38.9138459,-77.066861,343
2019-11-25T15:00:26.991000,38.8927906,-77.0502656,438
2019-11-25T14:55:35.760000,38.9336328,-77.0340905,9490
2019-11-25T14:51:46.087000,38.9171336,-77.0306975,625
2019-11-25T14:38:02.358000,38.8979569,-77.0220551,461
2019-11-25T14:23:27.463000,38.9247038,-77.0520893,2177
2019-11-25T14:17:51.900000,38.9418995,-77.0262914,2523
2019-11-25T14:12:21.325000,38.9418911,-77.0270615,309
2019-11-25T13:57:25.393000,38.94189,-77.0272933,797
2019-11-25T13:52:36.906000,38.9419817,-77.0251283,4830
2019-11-25T13:21:53.486000,38.8996466,-77.0293815,2794
2019-11-25T12:34:14.517000,38.9170477,-77.0301821,8119
2019-11-25T11:58:04.099000,38.888945,-77.01998,65
2019-11-25T11:31:51.822000,38.9249638,-77.0441209,707
2019-11-25T11:10:06.801000,38.8889367,-77.019955,2332
2019-11-25T10:30:58.180000,38.9462636,-77.078393,12409
2019-11-25T10:11:51.719000,38.9064967,-77.0532968,4237
2019-11-25T10:09:24.103000,38.8967847,-77.048815,122
2019-11-25T09:56:32.339000,38.9091891,-77.031786,2283
2019-11-25T09:56:01.891000,38.8968717,-77.0488917,175
2019-11-25T09:25:33.505000,38.9428617,-77.0249267,2213
2019-11-25T08:59:57.393000,38.9419317,-77.0287617,3045
2019-11-25T08:51:14.821000,38.9418933,-77.0283433,481
2019-11-25T08:32:49.142000,38.9012659,-76.9999162,721
2019-11-25T08:16:58.952000,38.9058916,-76.9880744,2447
2019-11-25T08:14:12.340000,38.9189453,-77.0347197,8387
2019-11-25T07:39:39.280000,38.91926,-77.0316983,5438
2019-11-25T07:25:43.998000,38.9189836,-77.037382,6303
2019-11-25T07:03:37.599000,38.901265,-77.0000817,5343
2019-11-25T06:33:22.427000,38.9012596,-77.0335802,15101
2019-11-25T03:28:53.957000,38.89445,-77.028018,8582
2019-11-25T03:14:59.434000,38.9290848,-77.0604285,22855
2019-11-25T03:07:33.486000,38.9015046,-77.0332863,12340
2019-11-25T02:29:18.860000,38.9305352,-77.0379283,9992
2019-11-25T02:06:47.519000,38.906295,-77.0417517,7296
2019-11-25T01:51:27.107000,38.9098021,-77.033676,31747
2019-11-25T01:50:56.593000,38.9095939,-77.0343359,31692
2019-11-24T22:31:55.616000,38.8970769,-77.048902,41024
2019-11-24T22:31:31.110000,38.9148768,-77.02981,2446
2019-11-24T22:29:59.825000,38.9169338,-77.0299725,33580
2019-11-24T22:20:48.280000,38.8756735,-77.2350299,5370
2019-11-24T22:17:32.120000,38.9170438,-77.0299158,735
2019-11-24T21:36:56.109000,38.9023879,-77.0128749,40076
2019-11-24T20:28:45.982000,38.9250275,-77.0511383,4084
2019-11-24T20:03:50.276000,38.9169617,-77.02984,955
2019-11-24T19:43:23.386000,38.8968947,-77.0487845,3879
2019-11-24T19:40:40.475000,38.9336506,-77.0724298,48097
2019-11-24T19:39:29.604000,38.8982837,-77.0217833,1926
2019-11-24T19:37:35.910000,38.8762055,-77.014668,48601
2019-11-24T19:28:30.310000,38.8910217,-77.03942,248
2019-11-24T19:23:04.439000,38.8765633,-77.0139883,259
2019-11-24T19:19:38.402000,38.8909881,-77.0394406,2457
2019-11-24T19:15:05.917000,38.8888219,-77.0331588,255
2019-11-24T19:08:46.412000,38.8915017,-77.023485,2278
2019-11-24T19:08:16.757000,38.891502,-77.0234456,2314
2019-11-24T18:27:46.496000,38.8769654,-77.0174316,44399
2019-11-24T18:17:06.542000,38.8887942,-77.0330592,2353
2019-11-24T18:14:20.696000,38.8973447,-77.0496147,1256
2019-11-24T17:35:15.655000,38.9087347,-77.0230224,12875
2019-11-24T17:31:51.106000,38.9051888,-77.0582674,1173
2019-11-24T17:30:00.516000,38.9336441,-77.0723372,1596
2019-11-24T17:10:20.539000,38.8970833,-77.0488083,9160
2019-11-24T17:09:50.421000,38.9246708,-77.052343,58690
2019-11-24T17:06:26.608000,38.9054124,-77.0222629,954
2019-11-24T16:48:13.296000,38.9245357,-77.0522915,1248
2019-11-24T16:47:29.349000,38.9248527,-77.0518977,59913
2019-11-24T16:45:21.120000,38.9255854,-77.052537,81
2019-11-24T16:33:13.299000,38.8972769,-77.0280832,1688
2019-11-24T16:33:12.646000,38.897285,-77.0279707,1672
2019-11-24T15:57:01.672000,38.9053613,-77.0219626,4138
2019-11-24T14:47:14.762000,38.9192697,-77.0320687,6253
2019-11-24T14:41:34.726000,38.8973646,-77.0439873,4708
2019-11-24T13:59:43.877000,38.8802767,-77.0414033,2734
2019-11-24T13:27:42.921000,38.89223,-77.0338117,98
2019-11-24T13:00:45.440000,38.8897553,-77.0465436,1976
2019-11-24T12:52:35.916000,38.9006533,-77.012205,3009
2019-11-24T12:24:58.002000,38.917045,-77.0282967,17686
2019-11-24T12:16:01.821000,38.9068102,-77.0728769,9604
2019-11-24T11:37:52.119000,38.9171483,-77.041535,1521
2019-11-24T11:26:59.708000,38.9023753,-77.0396869,1045
2019-11-24T11:13:48.502000,38.9194417,-77.0319414,1361
2019-11-24T09:34:47.577000,38.9056214,-77.041801,15802
2019-11-24T09:24:38.739000,38.9038942,-77.0481581,761
2019-11-24T09:13:17.384000,38.9028683,-77.022055,13491
2019-11-24T09:10:49.515000,38.8775252,-77.0047799,3018
2019-11-24T09:08:26.946000,38.9028714,-77.0220547,118
2019-11-24T07:38:00.243000,38.915703,-76.9720082,2256
2019-11-24T07:37:25.249000,38.91571,-76.9719817,2311
2019-11-24T04:24:43.402000,38.9259972,-77.0376959,14465
2019-11-24T04:19:08.701000,38.9052697,-77.0419674,18879
2019-11-24T04:18:38.297000,38.8894214,-77.0492869,25670
2019-11-24T03:25:41.817000,38.9036882,-77.0484584,17956
2019-11-24T02:46:50.802000,38.913595,-77.0433455,24556
2019-11-24T02:45:36.893000,38.9108833,-77.0466683,23309
2019-11-24T02:43:46.817000,38.9168713,-77.0298275,21964
2019-11-24T01:45:45.167000,38.9169555,-77.0411432,783
2019-11-24T01:42:29.543000,38.9169734,-77.0386612,32597
2019-11-24T01:19:42.087000,38.9168446,-77.0296352,5032
2019-11-24T01:18:42.646000,38.9106067,-77.021722,25660
2019-11-24T00:13:31.253000,38.9240026,-77.0407881,1798
2019-11-23T23:41:53.519000,38.8856512,-77.027971,73779
2019-11-23T23:16:16.755000,38.904635,-77.0436017,43309
2019-11-23T23:13:39.710000,38.905555,-77.0450348,37425
2019-11-23T23:13:34.413000,38.9055583,-77.044945,37436
2019-11-23T23:13:28.804000,38.9056536,-77.0450547,37425
2019-11-23T22:41:05.543000,38.919885,-77.0322867,37351
2019-11-23T22:35:16.328000,38.9201588,-77.0322084,333
2019-11-23T22:26:04.441000,38.943445,-77.0246067,44578
2019-11-23T21:58:43.874000,38.8968072,-77.0489396,32044
2019-11-23T21:21:36.401000,38.892412,-77.0333914,48557
2019-11-23T20:27:21.769000,38.87452,-77.0094333,54225
2019-11-23T19:22:19.678000,38.9213634,-77.0115989,4784
2019-11-23T19:13:13.710000,38.923622,-77.0506268,334
2019-11-23T19:12:21.724000,38.9420417,-77.02572,36815
2019-11-23T19:09:01.407000,38.9060067,-77.0393167,28253
2019-11-23T19:03:45.079000,38.8819183,-77.03487,58650
2019-11-23T18:37:46.582000,38.9263773,-77.0531066,2144
2019-11-23T18:20:48.875000,38.89226,-77.03975,8094
2019-11-23T18:06:50.984000,38.9036217,-77.0484833,1982
2019-11-23T17:50:55.402000,38.9002011,-77.0220501,12115
2019-11-23T17:39:56.156000,38.8993767,-77.0486817,1200
2019-11-23T17:39:14.207000,38.8819329,-77.0348204,5060
2019-11-23T17:30:07.471000,38.8974916,-77.0238092,65942
2019-11-23T17:10:10.395000,38.8961735,-77.0445824,2196
2019-11-23T16:44:10.014000,38.8974496,-77.0238185,274
2019-11-23T16:20:22.346000,38.9418765,-77.0256982,207
2019-11-23T16:13:05.796000,38.9115467,-76.9965609,18998
2019-11-23T16:11:31.227000,38.8982767,-77.0334533,1430
2019-11-23T16:00:43.160000,38.9318984,-77.0252362,23279
2019-11-23T15:57:26.442000,38.90088,-77.0206076,2686
2019-11-23T15:51:28.001000,38.9414802,-77.0250321,1510
2019-11-23T15:45:56.676000,38.9165146,-76.9779354,82
2019-11-23T15:39:29.698000,38.9117993,-77.0814667,1468
2019-11-23T15:38:37.844000,38.9318217,-77.0257517,1124
2019-11-23T15:22:44.167000,38.8937871,-77.0217831,1464
2019-11-23T15:11:21.048000,38.9249764,-77.0324183,1158
2019-11-23T15:00:50.516000,38.8887418,-77.0276707,73
2019-11-23T14:56:56.701000,38.9170759,-77.0348631,5214
2019-11-23T14:38:04.039000,38.9131027,-77.0271624,1917
2019-11-23T14:21:12.997000,38.9079017,-76.9972883,6920
2019-11-23T14:15:18.880000,38.8877105,-77.0150963,159
2019-11-23T13:27:47.220000,38.9040676,-77.029579,6546
2019-11-23T13:19:28.093000,38.8948618,-77.037775,181
2019-11-23T13:14:38.067000,38.923371,-77.0538552,7944
2019-11-23T12:29:07.314000,38.8940705,-77.0214037,12154
2019-11-23T12:13:43.586000,38.8770263,-77.0144712,316
2019-11-23T10:58:46.149000,38.8999325,-77.033275,5016
2019-11-23T08:53:28.302000,38.9176032,-77.0902642,4617
2019-11-23T08:39:45.525000,38.8999333,-77.0776133,5611
2019-11-23T08:36:54.540000,38.8992763,-77.0725343,6216
2019-11-23T07:13:35.345000,38.9026088,-77.0397117,1157
2019-11-23T05:02:44.301000,38.8792284,-77.0194069,12885
2019-11-23T04:46:47.193000,38.9109983,-77.0238883,15815
2019-11-23T04:19:38.114000,38.9026633,-77.0394267,11438
2019-11-23T04:06:49.249000,38.8970238,-77.0219532,1147
2019-11-23T02:51:59.743000,38.9178117,-77.0246867,329
2019-11-23T02:24:36.569000,38.9001367,-77.046745,6062
2019-11-23T02:19:31.911000,38.91701,-77.0363567,13183
2019-11-23T02:17:44.500000,38.895995,-77.0257183,23127
2019-11-23T02:15:47.378000,38.8764254,-77.0064992,1849
2019-11-23T02:06:19.942000,38.9338944,-77.0575178,28674
2019-11-23T01:49:54.802000,38.8767304,-77.0144936,32262
2019-11-23T01:47:39.915000,38.909967,-77.033857,22030
2019-11-23T01:44:45.974000,38.9319274,-77.0256174,38233
2019-11-23T01:33:31.261000,38.9097767,-77.03207,4195
2019-11-23T01:26:01.128000,38.9198846,-77.0422488,4025
2019-11-23T01:13:00.398000,38.8764967,-77.0065155,3754
2019-11-23T00:27:54.490000,38.89994,-77.0207917,43407
2019-11-23T00:25:40.310000,38.9072259,-77.0250424,44232
2019-11-23T00:04:09.420000,38.8961433,-77.02589,69
2019-11-22T23:28:17.049000,38.9023866,-77.059054,32321
2019-11-22T23:21:36.239000,38.9416013,-77.0250152,24419
2019-11-22T23:12:16.027000,38.9007283,-77.0492967,2393
2019-11-22T22:37:54.283000,38.9009733,-77.049725,2037
2019-11-22T22:32:28.616000,38.9171061,-77.0412322,205
2019-11-22T22:29:03.051000,38.9112623,-77.0241893,4266
2019-11-22T21:27:32.019000,38.8789291,-77.0044735,51419
2019-11-22T20:57:32.159000,38.8919006,-77.0278142,2408
2019-11-22T20:55:19.412000,38.915467,-76.9836725,9289
2019-11-22T20:51:18.325000,38.9023404,-77.0591246,9352
2019-11-22T20:20:16.559000,38.9101151,-77.0346029,226
2019-11-22T20:08:38.399000,38.8948767,-77.0377332,9052
2019-11-22T20:07:17.729000,38.8990004,-77.0230032,6668
2019-11-22T18:35:57.410000,38.9287909,-77.0333978,2130
2019-11-22T18:27:27.277000,38.9040633,-77.0122433,3486
2019-11-22T18:19:33.728000,38.8922251,-77.0397104,779
2019-11-22T18:13:02.908000,38.9060751,-77.0091288,14163
2019-11-22T18:04:25.704000,38.9058943,-77.0091112,475
2019-11-22T17:35:59.377000,38.8919824,-77.0277289,461
2019-11-22T17:20:09.069000,38.9143098,-77.029526,79
2019-11-22T17:15:52.969000,38.9040571,-77.012276,4172
2019-11-22T16:40:18.044000,38.9024983,-77.039695,74257
2019-11-22T15:55:32.601000,38.8886617,-77.0400713,193
2019-11-22T15:51:25.305000,38.920245,-77.0398732,367
2019-11-22T14:42:13.499000,38.91404,-77.016405,1277
2019-11-22T13:03:17.298000,38.9240917,-77.0526083,3468
2019-11-22T12:32:00.894000,38.8933386,-76.9926295,4317
2019-11-22T12:22:19.326000,38.911175,-77.0434649,2234
2019-11-22T12:02:04.342000,38.929092,-77.0325662,1511
2019-11-22T11:43:49.309000,38.90237,-76.9925967,2014
2019-11-22T11:03:17.968000,38.9179948,-77.0729573,1125
2019-11-22T11:01:20.835000,38.9337497,-77.0574935,17574
2019-11-22T10:56:30.963000,38.9205862,-77.0819654,70
2019-11-22T10:50:34.908000,38.9196383,-77.081715,201
2019-11-22T10:50:29.607000,38.8938444,-77.0297655,2208
2019-11-22T10:50:22.172000,38.8982644,-77.0319893,2681
2019-11-22T10:22:51.811000,38.89837,-77.03216,1614
2019-11-22T10:16:17.991000,38.8936692,-77.0300228,2050
2019-11-22T09:48:51.522000,38.875465,-77.23486,90834
2019-11-22T09:36:31.495000,38.86573,-77.2380844,4839
2019-11-22T09:19:54.670000,38.8966764,-77.0503981,951
2019-11-22T09:08:49.029000,38.9154976,-77.0435718,662
2019-11-22T08:37:07.174000,38.9073182,-77.0373267,3054
2019-11-22T08:20:52.464000,38.9289996,-77.0327301,13148
2019-11-22T07:58:46.745000,38.8935289,-76.9761945,18588
2019-11-22T07:49:17.954000,38.8779331,-77.0174043,411
2019-11-22T06:02:32.625000,38.8902942,-76.9551169,16784
2019-11-22T02:50:29.809000,38.9024717,-77.039245,13925
2019-11-22T02:48:27.869000,38.8888562,-77.0473567,7623
2019-11-22T02:48:23.809000,38.8887866,-77.0472706,7640
2019-11-22T02:21:12.298000,38.8988433,-77.02192,14943
2019-11-22T02:05:01.501000,38.9099033,-77.0329733,17758
2019-11-22T01:54:39.995000,38.8903424,-76.9551903,14855
2019-11-22T01:46:33.694000,38.9135716,-77.0151181,43400
2019-11-22T01:45:00.955000,38.9049916,-77.0222003,11728
2019-11-22T01:34:54.054000,38.9059962,-77.0438407,807
2019-11-22T01:21:47.500000,38.9171514,-77.0309717,23831
2019-11-22T00:51:40.887000,38.8903091,-76.9549898,3773
2019-11-22T00:17:00.125000,38.9170586,-77.0311657,1046
2019-11-22T00:10:54,38.9096667,-77.03301,2949
2019-11-22T00:05:56.222000,38.8985137,-77.0840355,125821
2019-11-21T23:59:49.161000,38.9002326,-77.0473868,4029
2019-11-21T23:55:20.208000,38.9024124,-77.0323739,26386
2019-11-21T23:44:47.520000,38.8953786,-77.0295129,619
2019-11-21T23:39:36.709000,38.8914978,-77.0150699,254
2019-11-21T23:17:21.102000,38.900616,-77.0476621,2519
2019-11-21T23:05:40.532000,38.8743921,-76.9730225,29394
2019-11-21T23:04:35.120000,38.9059267,-77.0418977,21663
2019-11-21T22:55:07.402000,38.9170396,-77.03164,2142
2019-11-21T22:54:48.322000,38.9092239,-77.0494377,44799
2019-11-21T22:54:20.377000,38.8876371,-76.995252,514
2019-11-21T22:34:58.171000,38.8986853,-77.0218763,1122
2019-11-21T22:32:37.521000,38.9005283,-77.0476617,2652
2019-11-21T22:31:39.320000,38.9078217,-77.0558783,3037
2019-11-21T22:24:02.488000,38.8849549,-77.0346051,27904
2019-11-21T22:07:46.066000,38.8721187,-77.0170728,3387
2019-11-21T21:41:47.890000,38.912749,-77.0666626,7455
2019-11-21T21:32:47.889000,38.8988141,-77.0219411,3718
2019-11-21T21:30:43.141000,38.864072,-76.9975959,2768
2019-11-21T21:17:41.095000,38.9209635,-77.0249994,147
2019-11-21T21:01:50.290000,38.9050236,-77.0189851,727
2019-11-21T20:30:43.607000,38.9127476,-77.0666609,4258
2019-11-21T20:25:05.775000,38.9111816,-77.0223582,5273
2019-11-21T20:24:52.523000,38.8991994,-77.0541745,11523
2019-11-21T20:15:44.958000,38.9058435,-77.0696945,882
2019-11-21T20:14:56.391000,38.8990816,-77.0325308,4172
2019-11-21T20:04:38.312000,38.9005086,-77.047559,8866
2019-11-21T19:48:20.589000,38.907255,-77.043375,16196
2019-11-21T19:43:28.779000,38.877225,-77.0031417,5797
2019-11-21T19:25:31.163000,38.898345,-77.0319127,2524
2019-11-21T19:16:36.882000,38.9028667,-76.99014,1972
2019-11-21T19:09:22.507000,38.9054424,-77.0221251,3332
2019-11-21T19:07:55.491000,38.9068212,-77.0091688,872
2019-11-21T18:08:18.320000,38.89824,-77.08378,21404
2019-11-21T17:41:14.773000,38.8903355,-76.9546658,25813
2019-11-21T17:39:48.084000,38.9029366,-76.9903534,5776
2019-11-21T17:38:44.685000,38.9141135,-77.0218252,5652
2019-11-21T17:37:58.876000,38.9201905,-77.0317675,8733
2019-11-21T17:32:19.763000,38.8792512,-77.0206561,52087
2019-11-21T17:30:43.785000,38.9091942,-77.0495234,3939
2019-11-21T17:25:33.784000,38.9091318,-77.0495448,287
2019-11-21T16:55:34.753000,38.9002345,-77.0219939,395
2019-11-21T16:54:52.256000,38.8762192,-77.0174245,13312
2019-11-21T16:37:59.881000,38.87635,-77.0038131,580
2019-11-21T16:37:31.289000,38.8769597,-77.0146367,144
2019-11-21T16:34:50.660000,38.9206717,-77.0321771,2243
2019-11-21T16:33:59.421000,38.8767986,-77.0145933,201
2019-11-21T16:16:53.752000,38.9289424,-77.0326746,409
2019-11-21T16:11:43.482000,38.9078617,-76.9973383,56628
2019-11-21T16:09:47.982000,38.9192517,-77.0317833,6750
2019-11-21T16:00:36.684000,38.9073291,-77.0163887,7279
2019-11-21T15:52:21.579000,38.9073396,-77.0148906,314
2019-11-21T15:50:00.652000,38.8666938,-76.9848521,2557
2019-11-21T15:49:12.621000,38.9073178,-77.0144643,153
2019-11-21T15:47:17.754000,38.8924366,-77.0181757,2613
2019-11-21T15:42:39.014000,38.907255,-77.0137262,280
2019-11-21T15:16:59.317000,38.8631047,-76.9955073,1974
2019-11-21T14:50:38.864000,38.8997348,-77.0219795,148
2019-11-21T14:38:48.781000,38.9129093,-77.0664807,21107
2019-11-21T13:41:03.455000,38.8904776,-77.0177331,1883
2019-11-21T13:33:07.286000,38.8922333,-77.044785,3453
2019-11-21T11:44:43.273000,38.9084452,-77.0442751,18739
2019-11-21T11:44:41.975000,38.908555,-77.0442917,7964
2019-11-21T09:50:49.581000,38.9140747,-77.0457614,901
2019-11-21T09:41:31.663000,38.9140775,-77.0333052,1180
2019-11-21T09:39:17.979000,38.9028335,-76.9703529,12136
2019-11-21T08:56:37.763000,38.9026357,-76.970593,2482
2019-11-21T08:22:17.865000,38.8852101,-76.9580645,17736
2019-11-21T08:19:22.647000,38.9030999,-76.9705046,922
2019-11-21T08:11:51.397000,38.91922,-77.03156,6176
2019-11-21T08:01:30.649000,38.9026854,-76.9705633,94
2019-11-21T07:55:37.902000,38.8791666,-77.0193098,1670
2019-11-21T07:50:19.157000,38.9022881,-76.9703533,452
2019-11-21T07:45:46.674000,38.9535938,-77.0252944,349
2019-11-21T07:41:12.868000,38.9231167,-77.030885,9019
2019-11-21T07:37:54.935000,38.8784884,-77.0183875,732
2019-11-21T07:22:02.374000,38.8975009,-77.0301178,17941
2019-11-21T07:21:33.208000,38.8973283,-77.0436717,7649
2019-11-21T07:16:41.454000,38.8769163,-77.017285,645
2019-11-21T07:16:11.979000,38.9536093,-77.0253432,1759
2019-11-21T07:01:41.687000,38.9073066,-77.0371923,92104
2019-11-21T06:09:09.068000,38.907304,-77.0372314,1819
2019-11-21T05:51:26.087000,38.9161325,-77.0113998,192
2019-11-21T05:49:13.308000,38.9161457,-77.0113719,81
2019-11-21T04:38:46.501000,38.9090152,-77.0438201,894
2019-11-21T04:30:15.292000,38.8977103,-77.0300382,10271
2019-11-21T03:23:48.623000,38.8973129,-77.0438731,4199
2019-11-21T02:54:44.275000,38.8994867,-77.05,13305
2019-11-21T02:09:47.759000,38.8972996,-77.0436554,18681
2019-11-21T01:07:29.798000,38.9232182,-77.0395718,28355
2019-11-21T01:02:28.390000,38.9066517,-77.0321483,26705
2019-11-21T00:48:32.086000,38.9054,-77.05811,24926
2019-11-21T00:25:24.490000,38.8936089,-77.0273453,28021
2019-11-21T00:18:00.466000,38.8975591,-77.0301279,15127
2019-11-21T00:09:44.420000,38.880465,-77.0245983,29046
2019-11-20T22:16:55.555000,38.8793467,-77.0212016,1394
2019-11-20T21:32:41.704000,38.900815,-77.049855,35449
2019-11-20T21:11:10.888000,38.9006759,-77.0178242,3386
2019-11-20T21:07:55.839000,38.9170667,-77.0311967,3921
2019-11-20T20:52:13.344000,38.9168665,-77.0312948,28934
2019-11-20T20:49:04.424000,38.9557511,-77.0256864,37374
2019-11-20T20:41:35.379000,38.8965642,-77.0550542,95
2019-11-20T20:26:32.187000,38.8975949,-77.0300906,13730
2019-11-20T20:20:07.990000,38.9061233,-76.989665,43210
2019-11-20T20:15:52.908000,38.9168233,-77.0312983,2178
2019-11-20T19:47:42.066000,38.9023722,-77.0557267,676
2019-11-20T19:37:32.747000,38.9061367,-76.9896633,2550
2019-11-20T19:20:55.226000,38.9232424,-77.0393342,3922
2019-11-20T19:18:47.987000,38.9221548,-77.0390997,44016
2019-11-20T18:55:47.621000,38.9024942,-77.0391767,4027
2019-11-20T18:51:41.251000,38.8803217,-77.0247167,16109
2019-11-20T18:40:57.322000,38.9050524,-77.0387725,186
2019-11-20T18:19:45.623000,38.9291,-77.0065033,52922
2019-11-20T17:28:07.487000,38.8756678,-77.0136316,45880
2019-11-20T17:20:24.669000,38.8793229,-77.0209308,17770
2019-11-20T16:57:19.368000,38.8755808,-77.0128277,1749
2019-11-20T16:51:50.506000,38.9253277,-77.034791,919
2019-11-20T16:50:06.023000,38.879415,-77.0203133,1776
2019-11-20T16:43:37.921000,38.8851565,-76.9579384,7920
2019-11-20T16:33:47.120000,38.8772153,-77.0173541,2731
2019-11-20T16:32:35.001000,38.9252832,-77.0354455,1149
2019-11-20T16:21:31.165000,38.9077337,-76.9987433,542
2019-11-20T16:08:20.732000,38.879317,-77.0202916,2174
2019-11-20T16:03:11.308000,38.902656,-77.0136642,272
2019-11-20T16:01:52.664000,38.9038665,-76.974444,99
2019-11-20T15:55:33.066000,38.9272909,-77.0307994,10251
2019-11-20T15:54:55.526000,38.8791947,-77.0210427,114
2019-11-20T15:54:21.765000,38.8754762,-77.0127986,3771
2019-11-20T15:51:12.439000,38.8988137,-77.0467024,109
2019-11-20T15:48:31.124000,38.9032115,-77.0138546,837
2019-11-20T15:42:47.315000,38.8895621,-76.9804114,1517
2019-11-20T15:32:42.211000,38.9040051,-76.9739447,1258
2019-11-20T15:29:42.345000,38.9032714,-77.0138607,1100
2019-11-20T15:27:24.507000,38.9035367,-77.0139867,133
2019-11-20T15:27:10.397000,38.87944,-77.0199633,1207
2019-11-20T15:07:29.457000,38.9156285,-77.0096461,16380
2019-11-20T14:38:11.319000,38.8860245,-77.0351795,65667
2019-11-20T14:35:42.792000,38.9156333,-77.0080694,1838
2019-11-20T14:33:31.926000,38.9096314,-77.040994,5181
2019-11-20T14:13:24.685000,38.9272096,-77.0309987,6119
2019-11-20T14:04:42.068000,38.9005023,-77.0453206,1701
2019-11-20T13:49:38.425000,38.9065679,-77.0474827,743
2019-11-20T13:45:24.291000,38.889695,-76.9803433,7015
2019-11-20T13:43:25.779000,38.9093429,-77.0561479,1128
2019-11-20T13:39:24.072000,38.90354,-76.9723992,1589
2019-11-20T13:09:01.022000,38.9068346,-77.0429092,41434
2019-11-20T13:08:31.961000,38.9136943,-77.0669343,11256
2019-11-20T13:08:24.330000,38.9024325,-77.0192367,1970
2019-11-20T12:36:51.091000,38.8997191,-77.0490288,5138
2019-11-20T12:33:06.877000,38.9233183,-77.0193384,6181
2019-11-20T12:27:00.150000,38.8919658,-77.0527279,550
2019-11-20T12:19:33.310000,38.9156431,-77.0081424,8151
2019-11-20T12:06:45.991000,38.9068883,-77.0427231,3685
2019-11-20T11:31:07.488000,38.9125732,-77.0220819,5821
2019-11-20T11:29:51.592000,38.9024532,-77.0192485,5895
2019-11-20T11:22:02.647000,38.9099207,-76.9847892,9235
2019-11-20T11:05:58.853000,38.9021718,-76.9703406,8811
2019-11-20T10:50:51.140000,38.9098217,-76.9846117,353
2019-11-20T10:46:20.870000,38.9098177,-76.9846466,130
2019-11-20T10:43:31.089000,38.9054322,-77.040982,24011
2019-11-20T10:14:08.118000,38.9068303,-77.0426599,6754
2019-11-20T10:10:25.587000,38.9097755,-76.9846934,1250
2019-11-20T10:00:13.997000,38.8973826,-77.0466429,119
2019-11-20T09:59:16.873000,38.8890567,-77.0526667,8613
2019-11-20T09:48:25.432000,38.899836,-77.0400905,1556
2019-11-20T08:58:14.604000,38.9085811,-76.9852863,4181
2019-11-20T08:32:05.780000,38.9191517,-77.0318467,105
2019-11-20T08:32:02.673000,38.9022276,-76.9703343,2366
2019-11-20T08:17:53.309000,38.9024079,-76.970306,760
2019-11-20T08:08:04.309000,38.9031347,-76.9703299,437
2019-11-20T07:59:19.501000,38.9207488,-77.0218499,2949
2019-11-20T07:57:51.914000,38.9079785,-76.9859556,3616
2019-11-20T07:54:19.903000,38.8996933,-77.0402117,6834
2019-11-20T07:50:49.150000,38.901925,-76.9703167,897
2019-11-20T07:36:26.793000,38.9019516,-76.9703345,860
2019-11-20T07:31:45.889000,38.90662,-77.0531417,11446
2019-11-20T07:31:31.240000,38.9065339,-77.0531123,6297
2019-11-20T07:30:00.502000,38.9096291,-77.0183697,752
2019-11-20T05:23:08.560000,38.9205365,-77.0335933,951
2019-11-20T02:04:36.787000,38.9012087,-77.0510518,16407
2019-11-20T01:52:37.186000,38.9017615,-76.9702978,20538
2019-11-20T01:17:58.054000,38.9001906,-77.021729,11891
2019-11-20T01:07:15.128000,38.9000328,-77.0219173,555
2019-11-20T00:51:23.865000,38.9020981,-77.0321063,4101
2019-11-20T00:28:20.419000,38.9189217,-77.0420267,28210
2019-11-20T00:02:24.659000,38.8994507,-77.0217561,11762
2019-11-19T23:32:41.126000,38.903449,-76.9705694,8297
2019-11-19T23:16:27.908000,38.92048,-77.033515,21995
2019-11-19T22:52:52.611000,38.900665,-77.0500367,30966
2019-11-19T22:21:04.859000,38.9119206,-77.0317302,8897
2019-11-19T22:06:51.485000,38.9069525,-77.0260683,1848
2019-11-19T21:30:19.736000,38.8756039,-77.0121236,52387
2019-11-19T21:27:22.707000,38.9035213,-76.9714624,7244
2019-11-19T21:14:47.728000,38.8753449,-77.0120753,918
2019-11-19T21:10:58.603000,38.9148197,-77.0034452,993
2019-11-19T21:09:40.540000,38.9033938,-76.971508,1057
2019-11-19T19:42:01.035000,38.8857915,-77.0350834,68123
2019-11-19T19:39:05.713000,38.9085212,-77.0150658,5116
2019-11-19T19:34:31.007000,38.9085124,-77.0137011,203
2019-11-19T19:32:32.985000,38.9032175,-76.9704284,5742
2019-11-19T19:28:35.714000,38.87525,-77.012145,6354
2019-11-19T19:17:13.524000,38.9033384,-76.9752036,478
2019-11-19T19:07:57.636000,38.9032834,-76.9752116,299
2019-11-19T18:59:55.433000,38.9272833,-77.0312433,1284
2019-11-19T18:44:41.410000,38.9129419,-77.0220396,1124
2019-11-19T18:44:12.122000,38.8999033,-77.0496624,2412
2019-11-19T18:40:25.035000,38.9163556,-77.0281387,1746
2019-11-19T18:33:19.219000,38.9032784,-76.9754524,2021
2019-11-19T17:43:02.206000,38.8794375,-77.0212273,286
2019-11-19T17:40:54.201000,38.9206767,-77.0324283,525
2019-11-19T17:16:57.031000,38.8752289,-77.012084,7886
2019-11-19T16:44:01.970000,38.8793467,-77.021215,1384
2019-11-19T16:16:39.386000,38.885865,-77.0350883,12305
2019-11-19T16:12:10.196000,38.8858431,-77.0350618,176
2019-11-19T16:07:35.179000,38.9056619,-77.0221364,380
2019-11-19T15:58:06.629000,38.9094256,-77.0224712,12770
2019-11-19T15:31:23.219000,38.8796167,-77.0216967,538
2019-11-19T14:15:55.328000,38.902,-77.0198983,430
2019-11-19T13:16:21.905000,38.90663,-77.0005033,408
2019-11-19T11:42:40.886000,38.9004112,-77.0566266,2977
2019-11-19T10:36:27.213000,38.8922083,-77.0553817,33364
2019-11-19T10:36:19.783000,38.8751367,-77.01204,24025
2019-11-19T10:35:50.155000,38.8822,-77.0337233,14121
2019-11-19T10:35:42.258000,38.8936017,-77.0500367,4001
2019-11-19T10:30:42.530000,38.89369,-77.0500117,295
2019-11-19T10:24:51.469000,38.8936517,-77.050015,331
2019-11-19T10:13:44.777000,38.8936523,-77.0500187,618
2019-11-19T08:56:26.265000,38.9084417,-77.0212567,105
2019-11-19T08:56:01.512000,38.9166011,-77.0295268,1805
2019-11-19T08:49:59.832000,38.8821853,-77.033708,6344
2019-11-19T08:35:06.232000,38.9084368,-77.0211827,1275
2019-11-19T08:22:45.259000,38.8836985,-76.9942351,262
2019-11-19T08:20:37.305000,38.8837479,-76.9944828,116
2019-11-19T08:17:43.025000,38.8922183,-77.0553967,8276
2019-11-19T07:59:51.734000,38.905229,-77.0606061,3466
2019-11-19T07:59:24.603000,38.9052548,-77.0620538,4989
2019-11-19T06:32:26.759000,38.8972032,-77.0480517,9159
2019-11-19T06:09:13.228000,38.9002766,-77.050237,10906
2019-11-19T05:20:12.819000,38.8973147,-77.0479339,4326
2019-11-19T05:15:02.538000,38.8822302,-77.0336656,12849
2019-11-19T02:06:07.866000,38.9165165,-77.0296513,1941
2019-11-19T01:53:22.456000,38.9051672,-77.0606243,1771
2019-11-19T00:39:45.577000,38.9109174,-77.0540576,30139
2019-11-18T23:12:40.695000,38.9009134,-77.050665,35405
2019-11-18T22:32:44.931000,38.9008669,-77.0503614,2391
2019-11-18T21:47:30.706000,38.8872683,-77.0029265,8669
2019-11-18T21:26:34.723000,38.9081345,-77.0211562,29630
2019-11-18T20:56:03.109000,38.8974741,-77.0480465,30243
2019-11-18T20:14:52.978000,38.9080965,-77.021061,4300
2019-11-18T20:12:29.955000,38.9084796,-77.0218089,100
2019-11-18T20:09:42.262000,38.9084651,-77.0217777,161
2019-11-18T20:04:09.227000,38.9090374,-77.0218877,292
2019-11-18T19:57:14.476000,38.8760118,-77.0175432,215
2019-11-18T19:43:59.578000,38.8761715,-77.0175086,790
2019-11-18T19:25:56.392000,38.8941571,-77.0221902,5092
2019-11-18T19:18:00.951000,38.9091638,-77.0218131,2743
2019-11-18T18:39:35.605000,38.876155,-77.0174633,277
2019-11-18T18:39:16.669000,38.8751473,-77.0121066,57383
2019-11-18T18:31:10.501000,38.87623,-77.0174717,304
2019-11-18T18:19:15.007000,38.8833949,-76.9949521,1822
2019-11-18T18:15:22.309000,38.8757667,-77.0174433,862
2019-11-18T17:56:35.882000,38.9185334,-77.016933,13886
2019-11-18T17:53:07.563000,38.9184383,-77.0172283,86
2019-11-18T17:45:58.381000,38.8758505,-77.0174806,1282
2019-11-18T17:43:34.636000,38.8835119,-76.9950627,2117
2019-11-18T17:38:10.382000,38.9005423,-77.0288739,54067
2019-11-18T17:22:23.475000,38.8957867,-76.9812612,9773
2019-11-18T17:09:59.251000,38.9000483,-76.9955851,266
2019-11-18T17:09:26.908000,38.9165183,-77.02963,1288
2019-11-18T17:06:28.635000,38.9070314,-77.0004662,6655
2019-11-18T17:01:56.905000,38.9093267,-77.0218779,8138
2019-11-18T16:54:06.827000,38.9187133,-77.0163783,3427
2019-11-18T16:52:20.674000,38.9089174,-77.0218655,568
2019-11-18T16:39:42.533000,38.9085245,-77.0222075,700
2019-11-18T16:36:43.055000,38.9058905,-77.0628185,64
2019-11-18T16:35:21.782000,38.9084924,-77.0221163,202
2019-11-18T16:33:20.279000,38.9084935,-77.0230059,63
2019-11-18T16:26:17.362000,38.9189033,-77.016402,1654
2019-11-18T16:18:01.383000,38.9190347,-77.0163936,460
2019-11-18T16:15:19.185000,38.8835936,-76.9950503,5263
2019-11-18T15:56:12.556000,38.9190687,-77.0164284,1302
2019-11-18T15:55:43.611000,38.9210691,-77.031898,3768
2019-11-18T15:51:35.304000,38.9066715,-77.0373678,13676
2019-11-18T15:49:12.949000,38.8888033,-77.032235,958
2019-11-18T15:48:07.110000,38.9000962,-76.9957739,4862
2019-11-18T15:44:53.207000,38.9190987,-77.0163444,591
2019-11-18T15:36:02.783000,38.9003149,-76.9971899,73
2019-11-18T15:33:19.510000,38.900207,-76.9977761,96
2019-11-18T15:18:51.012000,38.9190434,-77.0163291,1539
2019-11-18T14:35:40.951000,38.9067523,-77.0372747,4531
2019-11-18T13:40:39.925000,38.90676,-77.03722,3280
2019-11-18T13:32:11.814000,38.9107884,-77.0088452,1198
2019-11-18T13:31:09.778000,38.919169,-77.014829,904
2019-11-18T13:11:47.271000,38.9191438,-77.0148158,1147
2019-11-18T11:42:20.108000,38.9008533,-77.05338,1602
2019-11-18T11:13:45.907000,38.901015,-77.0489883,320
2019-11-18T11:02:35.187000,38.8780555,-77.0148514,11325
2019-11-18T09:57:36.749000,38.9050767,-77.0415983,2972
2019-11-18T09:11:46.860000,38.9066515,-77.0382414,8960
2019-11-18T08:47:56.470000,38.9061482,-76.9866699,17565
2019-11-18T08:20:22.694000,38.92718,-77.0308083,9222
2019-11-18T08:02:06.888000,38.9208174,-77.0317115,11408
2019-11-18T07:36:14.194000,38.9169286,-77.0259495,1087
2019-11-18T05:44:55.366000,38.8922881,-77.0553685,56308
2019-11-18T05:16:29.177000,38.895632,-77.0116086,4512
2019-11-18T04:41:30.769000,38.9026133,-77.0120567,15848
2019-11-18T04:36:43.358000,38.9042158,-77.0437275,41165
2019-11-18T03:06:14.894000,38.9109,-77.008865,16712
2019-11-18T02:02:52.378000,38.8753801,-77.012102,12314
2019-11-18T01:57:32.074000,38.9038777,-77.0240373,18155
2019-11-18T00:58:22.579000,38.9169973,-77.0258446,23863
2019-11-18T00:43:26.694000,38.9007117,-77.0183267,27474
2019-11-17T23:21:55.109000,38.8755989,-77.0121413,9624
2019-11-17T23:21:28.856000,38.9167553,-77.0280995,3128
2019-11-17T23:17:39.918000,38.9168167,-77.0280809,146
2019-11-17T22:48:42.709000,38.8920633,-77.0316717,34838
2019-11-17T22:47:09.083000,38.9156592,-77.0331326,3406
2019-11-17T22:33:50.814000,38.9050768,-77.0414951,2263
2019-11-17T22:21:16.990000,38.9126856,-77.0234863,47960
2019-11-17T21:33:26.495000,38.9068933,-77.005825,36730
2019-11-17T20:37:28.070000,38.8922953,-77.0441327,1050
2019-11-17T20:30:22.053000,38.8758948,-77.0120236,10284
2019-11-17T20:30:17.878000,38.9207247,-77.0318619,2343
2019-11-17T20:03:13.705000,38.8758756,-77.0119631,1577
2019-11-17T19:51:03.166000,38.9126416,-77.0231587,8972
2019-11-17T19:14:44.550000,38.8918533,-77.03172,12831
2019-11-17T19:08:06.151000,38.8975067,-77.0290521,698
2019-11-17T19:08:04.422000,38.9004917,-77.0290867,53236
2019-11-17T18:53:22.315000,38.9285754,-77.0434273,71089
2019-11-17T18:44:25.758000,38.9186749,-77.0407439,3490
2019-11-17T18:35:25.892000,38.8758523,-77.0120109,3331
2019-11-17T18:16:45.376000,38.9272707,-77.0307855,50593
2019-11-17T18:14:21.070000,38.903781,-77.0537236,10981
2019-11-17T18:07:06.255000,38.9193044,-77.014812,68676
2019-11-17T18:01:48.673000,38.91695,-77.02592,22512
2019-11-17T17:56:44.092000,38.916943,-77.0259898,172
2019-11-17T17:55:32.583000,38.8759017,-77.0120767,2371
2019-11-17T17:47:42.005000,38.9125886,-77.022879,7396
2019-11-17T17:45:41.515000,38.9125058,-77.022748,84
2019-11-17T17:37:02.982000,38.8779175,-77.0151982,5491
2019-11-17T17:32:40.712000,38.9030914,-77.0122574,40122
2019-11-17T17:25:18.722000,38.8989552,-76.9854598,1089
2019-11-17T17:20:47.572000,38.9167168,-77.0259228,2123
2019-11-17T17:11:36.316000,38.898125,-76.98467,449
2019-11-17T17:11:08.294000,38.8760673,-77.0119574,2016
2019-11-17T17:10:54.524000,38.9054205,-77.0222454,4556
2019-11-17T16:16:52.689000,38.9072351,-77.0285333,6980
2019-11-17T16:15:43.779000,38.927218,-77.0308378,7248
2019-11-17T16:12:32.368000,38.9033543,-77.0248989,9351
2019-11-17T16:07:45.953000,38.927177,-77.0308787,455
2019-11-17T15:37:40.592000,38.9272314,-77.0309296,1790
2019-11-17T15:34:26.252000,38.91256,-77.022625,3120
2019-11-17T15:08:48.473000,38.8887186,-77.0520797,124
2019-11-17T14:46:47.194000,38.9124706,-77.0226228,2812
2019-11-17T14:42:26.487000,38.9125635,-77.0227482,93
2019-11-17T14:35:50.454000,38.9185758,-77.0408802,10935
2019-11-17T14:31:43.808000,38.8931773,-77.0760951,1428
2019-11-17T14:19:40.792000,38.8964447,-77.0706967,2167
2019-11-17T14:05:23.800000,38.9032482,-77.0120792,844
2019-11-17T13:09:12.685000,38.8817083,-77.03697,638
2019-11-17T13:04:32.390000,38.8923188,-77.0464139,6108
2019-11-17T12:30:37.813000,38.907257,-77.0690641,22007
2019-11-17T12:09:11.911000,38.8850617,-76.9984483,355
2019-11-17T12:04:50.308000,38.8768715,-77.015994,5088
2019-11-17T11:13:00.270000,38.8780801,-77.0139735,132
2019-11-17T11:10:45.791000,38.9171558,-77.0307151,8323
2019-11-17T11:08:59.008000,38.9019717,-76.9857633,10453
2019-11-17T10:44:27.963000,38.8923788,-77.0335277,1287
2019-11-17T10:22:45.220000,38.9072153,-77.0689931,7657
2019-11-17T10:11:04.575000,38.9533951,-77.0278259,13981
2019-11-17T08:58:13.265000,38.9169618,-77.0294079,12306
2019-11-17T08:04:51.911000,38.9171769,-77.0304639,10085
2019-11-17T07:43:44.101000,38.903205,-77.01218,15336
2019-11-17T07:16:46.906000,38.8915533,-77.0500699,6045
2019-11-17T06:58:33.267000,38.8898261,-77.0265936,2909
2019-11-17T06:58:05.421000,38.8899258,-77.0265552,2948
2019-11-17T05:51:55.493000,38.8985467,-77.0222033,17885
2019-11-17T05:23:17.407000,38.9054556,-77.0470239,24340
2019-11-17T03:39:28.152000,38.9007567,-77.0513712,23217
2019-11-17T03:07:53.114000,38.90016,-77.0277233,26124
2019-11-17T03:03:55.868000,38.8973546,-77.0476982,21155
2019-11-17T02:43:52.049000,38.8986905,-77.0219419,1195
2019-11-17T02:40:45.787000,38.907257,-77.0692143,27713
2019-11-17T02:35:23.653000,38.8992342,-77.0280214,31340
2019-11-17T02:01:16.771000,38.9195934,-77.0445687,18880
2019-11-17T01:31:52.814000,38.906183,-77.0412535,27460
2019-11-17T01:30:11.093000,38.8989424,-77.0280447,3887
2019-11-17T01:22:18.565000,38.8918422,-77.0500766,21223
2019-11-17T01:16:25.288000,38.9039348,-77.034244,5932
2019-11-17T00:45:18.286000,38.9056052,-77.0416186,4870
2019-11-17T00:41:49.058000,38.9224013,-77.0319053,7439
2019-11-17T00:38:17.791000,38.9169718,-77.0308056,8006
2019-11-17T00:37:13.520000,38.8974841,-77.0438852,42214
2019-11-17T00:30:59.814000,38.89175,-76.9835817,38850
2019-11-16T23:37:49.609000,38.9231335,-77.0451596,17416
2019-11-16T23:23:13.407000,38.906345,-77.0414967,341
2019-11-16T22:43:35.096000,38.915845,-77.0678033,41404
2019-11-16T22:42:20.894000,38.8985586,-77.0217636,137
2019-11-16T22:34:53.006000,38.90012,-77.0521833,146295
2019-11-16T22:10:35.092000,38.9171083,-77.0242825,365
2019-11-16T21:49:23.817000,38.9071376,-77.0690558,17435
2019-11-16T21:36:29.452000,38.8986899,-77.0217961,1859
2019-11-16T21:22:46.290000,38.8765959,-77.0163245,11023
2019-11-16T21:06:02.356000,38.8770356,-77.0164083,12006
2019-11-16T20:58:47.215000,38.8986933,-77.0218333,488
2019-11-16T20:39:06.274000,38.898733,-77.0219244,1171
2019-11-16T19:54:39.005000,38.8994674,-77.0393283,88
2019-11-16T19:53:32.251000,38.9033195,-77.0122153,42606
2019-11-16T19:34:19.368000,38.9065534,-77.0434779,63235
2019-11-16T19:27:46.908000,38.9052299,-77.0120998,1451
2019-11-16T19:22:19.079000,38.9271718,-77.0308266,72883
2019-11-16T19:11:10.789000,38.8917052,-76.9835867,5292
2019-11-16T18:46:24.367000,38.8961552,-77.0225308,682
2019-11-16T18:37:21.386000,38.9049473,-77.0660621,7382
2019-11-16T18:34:02.491000,38.9001899,-77.0280899,733
2019-11-16T18:33:56.986000,38.9005575,-77.0285591,1304
2019-11-16T18:32:14.756000,38.9049917,-77.0659633,284
2019-11-16T18:31:32.713000,38.9061815,-77.0226499,741
2019-11-16T18:30:57.810000,38.9219899,-77.0411634,4874
2019-11-16T18:24:15.891000,38.9049849,-77.0660145,473
2019-11-16T17:54:35.907000,38.9077883,-77.0425334,1277
2019-11-16T17:40:34.693000,38.8959867,-77.0089967,7415
2019-11-16T17:35:14.730000,38.9533001,-77.0277708,13135
2019-11-16T17:28:09.351000,38.9272412,-77.0308729,6815
2019-11-16T17:13:11.110000,38.9024143,-77.0213653,2946
2019-11-16T17:06:31.510000,38.9136064,-77.022086,179
2019-11-16T16:38:14.712000,38.9098323,-77.0287593,5210
2019-11-16T16:27:14.499000,38.904895,-77.0252617,627
2019-11-16T16:25:34.301000,38.8939486,-77.0230896,418
2019-11-16T16:21:24.217000,38.88645,-77.0182,5281
2019-11-16T15:55:44.781000,38.8984483,-77.0243154,7318
2019-11-16T15:54:40.157000,38.9196877,-77.0406401,1031
2019-11-16T15:39:18.552000,38.8809908,-77.0177055,2684
2019-11-16T15:34:56.962000,38.8747819,-77.0174988,247
2019-11-16T15:17:29.005000,38.862837,-76.9924222,648
2019-11-16T14:43:07.305000,38.8756374,-77.0116045,12331
2019-11-16T14:26:30.971000,38.8983661,-77.0259304,90
2019-11-16T14:25:32.273000,38.900101,-77.0060054,898
2019-11-16T14:25:14.499000,38.9002107,-77.0248339,1179
2019-11-16T14:22:37.966000,38.856915,-76.9780017,344
2019-11-16T14:18:51.309000,38.8994659,-77.0509654,1677
2019-11-16T14:11:19.257000,38.9094797,-77.0225946,11940
2019-11-16T14:08:36.387000,38.9072309,-77.052781,70
2019-11-16T13:40:05.586000,38.91705,-77.0305217,4022
2019-11-16T13:10:59.274000,38.9048187,-77.0572897,6170
2019-11-16T11:40:08.590000,38.9048364,-77.057279,5437
2019-11-16T11:32:21.894000,38.8633185,-76.9650624,6849
2019-11-16T11:27:47.011000,38.9023965,-77.0324837,5146
2019-11-16T11:27:05.975000,38.900587,-77.0413969,439
2019-11-16T11:24:12.788000,38.9022738,-77.0325328,179
2019-11-16T11:16:47.391000,38.8749114,-77.0174859,15014
2019-11-16T11:11:24.556000,38.8885967,-76.9870767,7809
2019-11-16T11:03:27.566000,38.889929,-76.9872595,8462
2019-11-16T10:56:54.772000,38.8934983,-76.9962702,8286
2019-11-16T10:48:24.130000,38.9112007,-77.0327209,10533
2019-11-16T10:30:21.957000,38.9027435,-77.0325086,3214
2019-11-16T10:24:17.794000,38.9182427,-77.072909,475
2019-11-16T10:14:40.852000,38.9048002,-77.0572896,5107
2019-11-16T10:03:12.584000,38.8948607,-77.0155268,1242
2019-11-16T09:37:50.970000,38.9025556,-77.0324236,1009
2019-11-16T08:38:44.173000,38.8945896,-77.0152107,5026
2019-11-16T08:31:13.071000,38.922226,-77.0426923,2727
2019-11-16T07:37:17.954000,38.9265195,-77.0120262,491
2019-11-16T07:30:55.359000,38.9044017,-77.0557567,798
2019-11-16T06:55:14.504000,38.912037,-77.0169637,14548
2019-11-16T05:33:21.414000,38.8947267,-77.0156217,11115
2019-11-16T05:05:11.417000,38.9008233,-77.0417033,22912
2019-11-16T04:19:01.989000,38.9038867,-77.0280433,12455
2019-11-16T03:54:59.272000,38.9037946,-77.0534313,14798
2019-11-16T03:06:40.921000,38.8989649,-77.05005,3337
2019-11-16T03:01:30.023000,38.9025478,-77.0323188,282
2019-11-16T01:37:14.522000,38.9213162,-77.0422296,319
2019-11-16T01:26:49.522000,38.9086467,-77.027575,42669
2019-11-16T01:11:20.949000,38.9170788,-77.0305318,30300
2019-11-16T00:52:02.957000,38.8998433,-77.0258166,8603
2019-11-16T00:20:58.217000,38.9116087,-77.0384672,27467
2019-11-16T00:00:36.497000,38.9171717,-77.0307767,31335
2019-11-15T23:44:14.004000,38.9008026,-77.0533165,37062
2019-11-15T23:37:32.988000,38.9157826,-77.072769,39208
2019-11-15T23:28:56.075000,38.9058548,-77.0236936,34179
2019-11-15T23:18:13.610000,38.8999596,-77.0049876,1153
2019-11-15T23:04:25.715000,38.9169123,-77.029941,4171
2019-11-15T22:58:28.624000,38.9050272,-77.0573089,31646
2019-11-15T22:48:14.303000,38.903675,-77.0539567,6129
2019-11-15T22:47:59.792000,38.9077494,-77.0644806,53518
2019-11-15T21:52:25.869000,38.8921719,-77.0278588,973
2019-11-15T21:37:25.989000,38.8862109,-77.0178834,26353
2019-11-15T21:31:41.104000,38.9055741,-77.0063054,42989
2019-11-15T21:10:40.557000,38.9069549,-77.0420118,7041
2019-11-15T21:09:29.273000,38.8756214,-77.0115135,2210
2019-11-15T20:52:11.812000,38.8755413,-77.0122049,1001
2019-11-15T20:48:21.458000,38.9050383,-77.0513032,62
2019-11-15T20:39:46.912000,38.8957187,-77.0436147,175
2019-11-15T20:33:15.983000,38.9056634,-77.0060517,3471
2019-11-15T20:32:48.674000,38.9051015,-77.0251936,70699
2019-11-15T20:22:27.251000,38.9023499,-77.0322365,5274
2019-11-15T19:56:55.190000,38.9075927,-77.0218335,204
2019-11-15T19:55:19.810000,38.9051317,-77.0601317,463
2019-11-15T19:51:53.018000,38.8999849,-77.0261827,49842
2019-11-15T19:50:06.016000,38.9057039,-77.0056419,262
2019-11-15T19:49:38.944000,38.8786363,-77.0173702,45292
2019-11-15T19:16:28.561000,38.9189486,-77.0171855,288
2019-11-15T19:16:14.909000,38.8787396,-77.0174024,1991
2019-11-15T19:14:16.201000,38.9186594,-77.0408152,380
2019-11-15T19:13:35.960000,38.9186333,-77.0407533,361
2019-11-15T19:13:14,38.9186666,-77.0406535,373
2019-11-15T19:05:32.487000,38.8632617,-76.9648817,59165
2019-11-15T19:02:40.784000,38.9188646,-77.0171508,769
2019-11-15T18:58:16.002000,38.9236922,-77.0409566,4307
2019-11-15T18:38:40.881000,38.8632334,-76.9649009,1590
2019-11-15T18:25:03.078000,38.9189507,-77.0171921,2226
2019-11-15T18:20:47.959000,38.8898808,-77.0124113,362
2019-11-15T17:57:25.956000,38.876276,-77.0069414,761
2019-11-15T17:56:45.278000,38.9084004,-77.0218229,948
2019-11-15T17:54:50.539000,38.8754433,-77.0122279,8311
2019-11-15T17:54:19.130000,38.8995543,-77.0176016,1099
2019-11-15T17:49:49.563000,38.9204078,-77.0471198,994
2019-11-15T17:47:48.984000,38.9016347,-76.985401,106307
2019-11-15T17:46:19.476000,38.9096267,-77.0227117,488
2019-11-15T17:39:46.911000,38.8756607,-77.0123049,869
2019-11-15T17:28:59.310000,38.9186667,-77.04064,1157
2019-11-15T17:23:11.978000,38.9084243,-77.0224969,1257
2019-11-15T17:11:07.798000,38.9082369,-77.0227716,710
2019-11-15T17:09:15.814000,38.9212827,-77.0277313,503
2019-11-15T17:06:58.417000,38.9081833,-77.0228283,220
2019-11-15T16:58:42.458000,38.901545,-77.0393233,3885
2019-11-15T16:51:51.878000,38.9186884,-77.0408072,3480
2019-11-15T16:30:10.922000,38.9186383,-77.040585,3502
2019-11-15T16:28:59.634000,38.9187176,-77.0405496,1353
2019-11-15T16:28:54.661000,38.9212353,-77.0277035,2413
2019-11-15T16:26:41.313000,38.8981167,-77.0014783,56545
2019-11-15T16:18:01.581000,38.9067333,-77.020015,4868
2019-11-15T16:16:55.310000,38.90529,-77.0219783,627
2019-11-15T16:16:29.009000,38.9213668,-77.0276283,437
2019-11-15T16:15:18.805000,38.9190017,-77.0172183,7754
2019-11-15T16:13:33.109000,38.8859579,-77.0184396,1992
2019-11-15T16:11:17.799000,38.9213081,-77.0274502,83
2019-11-15T16:10:27.390000,38.8861617,-77.0181938,63
2019-11-15T16:08:30.588000,38.8981637,-77.0018344,1089
2019-11-15T15:51:32.607000,38.9073186,-77.0229394,2673
2019-11-15T15:49:24.142000,38.8741873,-77.0120805,6495
2019-11-15T15:49:20.733000,38.9053825,-77.0220275,1646
2019-11-15T15:48:29.200000,38.9213438,-77.0280096,1134
2019-11-15T15:42:26.785000,38.9213585,-77.0279111,332
2019-11-15T15:19:18.411000,38.8762515,-77.0069353,9467
2019-11-15T13:57:49.085000,38.9000448,-77.0386027,6743
2019-11-15T13:36:34.859000,38.9288517,-77.03339,749
2019-11-15T13:22:32.202000,38.9002408,-77.0383978,2105
2019-11-15T11:44:51.889000,38.8763937,-77.2356381,7509
2019-11-15T11:43:36.496000,38.8758368,-77.234829,416
2019-11-15T09:49:13.503000,38.897211,-76.9780563,938
2019-11-15T09:45:51.111000,38.9150675,-77.0420743,80848
2019-11-15T09:32:52.829000,38.91506,-77.0422183,767
2019-11-15T09:12:26.579000,38.914956,-77.0421632,1206
2019-11-15T08:43:11.761000,38.9288242,-77.0333034,17588
2019-11-15T08:39:30.584000,38.9150556,-77.0420301,410
2019-11-15T08:35:07.485000,38.9152738,-77.0417517,1584
2019-11-15T08:25:48.705000,38.9286415,-77.0330306,1020
2019-11-15T08:16:19.274000,38.9286224,-77.0328427,548
2019-11-15T07:46:34.382000,38.9286022,-77.0328864,1752
2019-11-15T06:17:20.285000,38.9058633,-77.065205,16988
2019-11-15T05:57:45.505000,38.9295619,-77.0376087,21210
2019-11-15T05:43:04.986000,38.9126417,-77.0220682,5211
2019-11-15T05:35:24.514000,38.9286939,-77.0326906,4415
2019-11-15T05:20:52.786000,38.9204917,-77.0421545,3661
2019-11-15T02:59:59.151000,38.8967464,-77.0437878,12016
2019-11-15T02:50:45.778000,38.9058508,-77.0652234,12341
2019-11-15T02:30:41.533000,38.9125964,-77.0220464,11540
2019-11-15T01:59:17.111000,38.8968035,-77.0435321,2956
2019-11-15T01:32:01.354000,38.9076435,-77.0712358,20840
2019-11-15T01:00:32.684000,38.8997268,-77.0177168,20097
2019-11-15T00:08:26.317000,38.909755,-77.0424633,14221
2019-11-15T00:02:06.810000,38.9126417,-77.0222984,8893
2019-11-14T23:59:26.012000,38.9201718,-77.0418,1065
2019-11-14T23:27:37.476000,38.9008612,-77.0532359,119
2019-11-14T23:20:37.186000,38.8765898,-77.0070565,1874
2019-11-14T22:50:19.087000,38.909715,-77.04262,537
2019-11-14T20:32:23.093000,38.9109122,-77.0444366,43316
2019-11-14T20:18:00.428000,38.9034917,-77.05363,1307
2019-11-14T19:18:18.692000,38.89762,-76.9783917,43712
2019-11-14T19:16:45.496000,38.89762,-76.9783917,81
2019-11-14T18:47:53.019000,38.8976323,-76.9783313,419
2019-11-14T18:17:03.918000,38.8975877,-76.9782908,1025
2019-11-14T18:12:09.413000,38.8974967,-76.97837,202
2019-11-14T17:19:27.470000,38.9285867,-77.0336183,1081
2019-11-14T17:09:01.367000,38.9208045,-77.0293101,80468
2019-11-14T17:07:28.823000,38.9024514,-77.021066,1593
2019-11-14T16:52:10.571000,38.8956619,-77.0314134,52275
2019-11-14T16:52:09.559000,38.8954103,-77.0313628,26626
2019-11-14T16:30:21.311000,38.8974937,-76.9784386,5855
2019-11-14T16:21:49.574000,38.8974921,-77.0516068,4298
2019-11-14T16:14:03.769000,38.8922844,-77.044863,75933
2019-11-14T16:14:02.757000,38.9208217,-77.0292738,3291
2019-11-14T16:05:51.087000,38.9208876,-77.0294025,471
2019-11-14T15:54:26.198000,38.9030649,-77.0534283,4087
2019-11-14T15:54:23.779000,38.8876515,-77.0191105,63587
2019-11-14T15:51:57.003000,38.9030563,-77.0534195,143
2019-11-14T14:56:48.920000,38.9062012,-77.0224065,723
2019-11-14T14:48:24.298000,38.879163,-77.0152631,369
2019-11-14T14:46:53.715000,38.8811552,-77.0179425,63
2019-11-14T14:46:53.009000,38.8816402,-77.0179407,64
2019-11-14T14:43:13.907000,38.8922559,-77.0246937,75
2019-11-14T14:20:32.379000,38.8923104,-77.0322967,3150
2019-11-14T13:00:03.262000,38.8983933,-77.0199533,1716
2019-11-14T12:46:24.518000,38.8877783,-77.01907,11253
2019-11-14T12:14:02.684000,38.9058337,-77.0224396,9734
2019-11-14T11:09:54.163000,38.9158295,-77.0435494,195
2019-11-14T10:29:25.277000,38.8766961,-77.0158324,1681
2019-11-14T10:08:26.962000,38.9029183,-77.0394899,4054
2019-11-14T10:02:15.858000,38.8985311,-77.0334215,4259
2019-11-14T09:06:18.181000,38.8974845,-77.0550498,4013
2019-11-14T08:17:56.422000,38.8975562,-76.9781831,22780
2019-11-14T07:28:00.382000,38.8888184,-77.0216752,18860
2019-11-14T05:59:29.660000,38.911769,-77.0660225,17859
2019-11-14T03:51:01.443000,38.9038233,-77.0096083,584
2019-11-14T01:04:41.841000,38.9037727,-77.0094661,9794
2019-11-14T00:57:55.886000,38.9030564,-77.053578,53613
2019-11-13T22:39:45.800000,38.8967459,-76.9775723,1542
2019-11-13T22:27:00.584000,38.9006308,-76.9855351,725
2019-11-13T22:25:43.025000,38.9025147,-76.989886,67
2019-11-13T22:20:13.855000,38.90393,-77.0179833,16308
2019-11-13T22:19:02.680000,38.9116968,-77.0090734,121
2019-11-13T22:14:34.277000,38.9051583,-77.0219883,3273
2019-11-13T22:10:07.057000,38.9263253,-77.037146,3288
2019-11-13T22:09:26.424000,38.9268074,-77.0374084,355
2019-11-13T21:54:43.399000,38.9278263,-77.0260508,214
2019-11-13T21:41:28.988000,38.9053987,-77.0218664,308
2019-11-13T21:32:06.607000,38.903799,-77.0179283,1759
2019-11-13T21:20:27.709000,38.8750275,-77.0058799,2584
2019-11-13T20:56:02.358000,38.8976249,-76.9781433,40885
2019-11-13T19:52:02.219000,38.9187309,-77.0409422,260
2019-11-13T19:45:13.679000,38.8976151,-76.9781203,4230
2019-11-13T19:42:05.716000,38.9030187,-77.0534406,18946
2019-11-13T19:39:57.925000,38.9030998,-77.0534862,113
2019-11-13T19:14:03.505000,38.8995383,-77.0216683,3006
2019-11-13T19:01:08.477000,38.9095415,-77.0228815,4137
2019-11-13T18:58:57.381000,38.9188023,-77.0408944,951
2019-11-13T18:46:52.571000,38.8974391,-76.9782342,209
2019-11-13T18:41:44.900000,38.8975014,-76.9783212,276
2019-11-13T18:29:58.414000,38.8974898,-76.9783,685
2019-11-13T18:19:36.418000,38.8975454,-76.978591,227
2019-11-13T18:04:10.815000,38.9026731,-77.0395868,14194
2019-11-13T17:53:52.921000,38.9151704,-77.0418751,3134
2019-11-13T17:30:11.318000,38.8975605,-76.9788682,2526
2019-11-13T17:22:07.421000,38.8975866,-76.9787631,458
2019-11-13T17:16:10.118000,38.8975816,-76.9787045,110
2019-11-13T17:14:46.718000,38.8781995,-77.0175795,2332
2019-11-13T16:36:08.900000,38.8782252,-77.0176918,2254
2019-11-13T16:34:29.369000,38.89673,-77.0125393,413
2019-11-13T16:26:53.818000,38.8974361,-76.9788594,2934
2019-11-13T16:09:02.520000,38.8939188,-77.0227299,166
2019-11-13T16:04:36.525000,38.8976117,-76.9789017,1317
2019-11-13T15:53:23.725000,38.897604,-76.9786649,656
2019-11-13T12:36:46.583000,38.8790871,-77.0199483,4285
2019-11-13T10:21:44.796000,38.9147864,-77.0421202,635
2019-11-13T09:39:01.573000,38.888845,-76.9770212,242
2019-11-13T08:10:37.558000,38.9187231,-77.0358535,16495
2019-11-13T04:17:39.398000,38.8972785,-77.0281339,20806
2019-11-13T02:34:39.991000,38.9173844,-77.0315564,2344
2019-11-13T01:07:22.492000,38.9078683,-77.0739517,33420
2019-11-12T23:48:14.918000,38.8933297,-77.0222072,45017
2019-11-12T22:19:48.390000,38.8928271,-77.0216204,58284
2019-11-12T22:17:15.200000,38.9102988,-77.0738472,1074
2019-11-12T21:36:48.619000,38.9170522,-77.0300552,11024
2019-11-12T20:01:39.573000,38.9083034,-77.0294086,114
2019-11-12T20:01:33.870000,38.876907,-77.0178691,3278
2019-11-12T19:57:44.622000,38.902199,-77.0296457,530
2019-11-12T19:56:35.916000,38.9012802,-77.0283414,260
2019-11-12T19:53:33.406000,38.8952421,-77.0280563,881
2019-11-12T19:47:52.119000,38.892198,-77.0361941,471
2019-11-12T19:45:18.086000,38.8918867,-77.0380633,110
2019-11-12T18:40:19.695000,38.8957175,-77.0222792,5564
2019-11-12T17:55:43.546000,38.9152246,-77.0191638,70920
2019-11-12T17:13:08.674000,38.9226041,-77.0423677,15346
2019-11-12T17:07:04.921000,38.877361,-77.0172886,667
2019-11-12T16:52:06.497000,38.9059773,-77.0628165,281
2019-11-12T15:41:00.291000,38.9075527,-77.0634217,471
2019-11-12T15:35:32.911000,38.8958817,-77.0221463,8649
2019-11-12T15:31:11.993000,38.9095981,-77.0480282,14301
2019-11-12T15:30:25.719000,38.90548,-77.0221917,1363
2019-11-12T15:02:04.870000,38.9054762,-77.0221493,1687
2019-11-12T13:59:35.321000,38.9149817,-77.0421367,929
2019-11-12T09:55:35.916000,38.8988661,-77.0416507,800
2019-11-12T09:45:04.509000,38.905345,-77.022165,1377
2019-11-12T09:43:40.895000,38.8955957,-77.0220556,9649
2019-11-12T08:46:28.506000,38.8932843,-77.0222908,7060
2019-11-12T08:08:15.312000,38.8770217,-77.0175383,66
2019-11-12T07:54:37.412000,38.9278547,-77.0311479,283
2019-11-12T07:19:01.354000,38.9235507,-77.0554193,1911
2019-11-12T06:19:12.947000,38.9169883,-77.0689017,9177
2019-11-12T01:12:08.464000,38.8910097,-77.0379281,28938
2019-11-12T01:05:04.949000,38.8897497,-77.0357122,106
2019-11-11T23:09:41.491000,38.9016671,-77.0516228,198
2019-11-11T22:58:23.307000,38.897877,-77.0262219,2534
2019-11-11T22:53:34.849000,38.9097,-77.0423483,27678
2019-11-11T22:45:00.611000,38.9017686,-77.0512884,1455
2019-11-11T21:51:23.820000,38.8770935,-77.0171567,1986
2019-11-11T21:35:28.765000,38.8770069,-77.0164931,3605
2019-11-11T21:32:10.286000,38.901865,-77.0513583,4353
2019-11-11T21:15:54.584000,38.8982244,-77.0239009,61
2019-11-11T20:46:52.611000,38.8929098,-77.0153144,7654
2019-11-11T20:10:54.499000,38.8790866,-77.0236707,1426
2019-11-11T19:32:04.790000,38.8789343,-77.0234887,2321
2019-11-11T19:19:16.190000,38.92794,-77.0311783,45295
2019-11-11T18:43:56.201000,38.8919655,-77.0448004,310
2019-11-11T18:34:33.613000,38.8919283,-77.0477733,74
2019-11-11T18:16:52.999000,38.927935,-77.0316184,127
2019-11-11T18:15:07.103000,38.899616,-77.0315437,43898
2019-11-11T18:04:01.988000,38.8997343,-77.0312964,635
2019-11-11T17:18:25.807000,38.8820059,-77.0372433,508
2019-11-11T16:12:36.791000,38.9235424,-77.055632,1272
2019-11-11T15:46:14.508000,38.9233904,-77.0556681,1559
2019-11-11T15:06:46.047000,38.9049353,-76.9744264,264
2019-11-11T15:02:39.493000,38.9231496,-77.0555914,2610
2019-11-11T14:56:56.357000,38.9031902,-76.9751868,113
2019-11-11T14:52:25.911000,38.9052333,-77.0581857,105
2019-11-11T14:44:10.919000,38.8813013,-77.0263116,1044
2019-11-11T11:30:18.811000,38.90087,-77.0499917,125
2019-11-11T11:01:13.970000,38.898365,-77.04663,653
2019-11-11T11:01:10.902000,38.8983367,-77.0465467,2104